commodity,content,source
crude_oil_insights,Crude Oil Market Insights,market_insights
crude_oil_insights,Market Overview,market_insights
crude_oil_insights,"Crude oil is a global commodity that serves as a primary energy source and a key input for various industries. The crude oil market is characterized by high volatility, geopolitical influences, and complex supply-demand dynamics.",market_insights
crude_oil_insights,Price Drivers,market_insights
crude_oil_insights,"Supply Factors
- **OPEC+ Production Decisions**: The Organization of Petroleum Exporting Countries and its allies (OPEC+) significantly influence global oil supply through production quotas and agreements.
- **US Shale Production**: The growth of US shale oil production has transformed global oil markets, adding a flexible supply source that can respond relatively quickly to price changes.
- **Geopolitical Disruptions**: Conflicts, sanctions, and political instability in oil-producing regions can cause supply disruptions and price spikes.
- **Infrastructure Constraints**: Pipeline capacity, storage limitations, and transportation bottlenecks can affect regional oil prices and differentials.",market_insights
crude_oil_insights,"Demand Factors
- **Global Economic Growth**: Economic expansion typically increases energy consumption and oil demand, particularly in transportation and industrial sectors.
- **Seasonal Patterns**: Demand for oil products follows seasonal patterns, with gasoline demand peaking in summer driving season and heating oil demand rising in winter.
- **Transportation Trends**: Changes in transportation patterns, including the adoption of electric vehicles and fuel efficiency improvements, impact long-term oil demand.
- **Emerging Market Consumption**: Growth in oil consumption in developing economies, particularly in Asia, has been a major driver of global demand trends.",market_insights
crude_oil_insights,"Financial Factors
- **US Dollar Strength**: As oil is priced in US dollars, currency fluctuations affect purchasing power and oil prices.
- **Speculative Activity**: Futures market positioning by hedge funds and other financial participants can amplify price movements.
- **Investment Flows**: Capital allocation decisions by institutional investors affect energy sector development and production capacity.",market_insights
crude_oil_insights,Market Structure,market_insights
crude_oil_insights,"Benchmark Prices
- **West Texas Intermediate (WTI)**: The US benchmark, delivered at Cushing, Oklahoma.
- **Brent Crude**: The international benchmark, representing light sweet crude from the North Sea.
- **Dubai/Oman**: A benchmark for medium sour crude destined for Asian markets.",market_insights
crude_oil_insights,"Trading Mechanisms
- **Spot Market**: Immediate delivery transactions that reflect current supply-demand conditions.
- **Futures Market**: Standardized contracts for future delivery, traded on exchanges like NYMEX and ICE.
- **Over-the-Counter (OTC)**: Customized bilateral contracts between counterparties.",market_insights
crude_oil_insights,Technical Analysis Patterns,market_insights
crude_oil_insights,"Trend Indicators
- **Moving Averages**: The 50-day and 200-day moving averages are closely watched for trend direction and potential crossovers.
- **Momentum Oscillators**: RSI and MACD help identify overbought or oversold conditions and potential reversals.",market_insights
crude_oil_insights,"Price Patterns
- **Support and Resistance Levels**: Historical price levels where buying or selling pressure has previously emerged.
- **Chart Formations**: Patterns such as head and shoulders, double tops/bottoms, and triangles can signal potential trend changes.",market_insights
crude_oil_insights,Seasonal Patterns,market_insights
crude_oil_insights,Correlation with Other Markets,market_insights
crude_oil_insights,Risk Factors,market_insights
crude_oil_insights,"Short-term Risks
- **Inventory Reports**: Weekly US inventory data from the EIA can cause significant price volatility.
- **OPEC+ Announcements**: Production decisions and compliance levels can trigger sharp market reactions.
- **Geopolitical Events**: Conflicts or tensions in key producing regions can cause rapid price increases.",market_insights
crude_oil_insights,"Long-term Risks
- **Energy Transition**: Policies promoting renewable energy and electrification pose structural challenges to oil demand.
- **Climate Regulation**: Carbon pricing and emissions restrictions may impact the economics of oil production and consumption.
- **Technological Disruption**: Advances in alternative energy technologies could accelerate displacement of oil in various sectors.",market_insights
crude_oil_insights,Trading Strategies,market_insights
crude_oil_insights,"Trend Following
- Moving average crossover strategies have historically performed well during sustained trends in crude oil markets.
- Trend-following approaches typically employ stop-loss mechanisms to manage the risk of sudden reversals.",market_insights
crude_oil_insights,"Mean Reversion
- Oil prices tend to revert to production cost levels over the long term.
- Bollinger Bands and RSI can help identify potential mean reversion opportunities.",market_insights
crude_oil_insights,"Volatility-Based Strategies
- Options strategies like straddles and strangles can capitalize on periods of expected high volatility.
- Volatility often increases ahead of major market events like OPEC meetings and geopolitical developments.",market_insights
crude_oil_insights,Forecasting Approaches,market_insights
crude_oil_insights,"Fundamental Analysis
- Supply-demand balance models that incorporate production, consumption, and inventory data.
- Cost curve analysis to identify price levels that incentivize or discourage production.",market_insights
crude_oil_insights,"Time Series Models
- ARIMA and GARCH models capture autocorrelation and volatility clustering in oil price movements.
- Seasonal decomposition methods help isolate recurring patterns from trend and cyclical components.",market_insights
crude_oil_insights,"Machine Learning Applications
- Gradient boosting algorithms have shown promise in short-term price prediction.
- Neural networks can incorporate multiple data sources to identify complex patterns.",market_insights
crude_oil_insights,Recent Market Developments,market_insights
crude_oil_insights,Conclusion,market_insights
crude_oil_insights,"The crude oil market remains one of the most complex and dynamic commodity markets, requiring sophisticated analysis of multiple factors across supply, demand, financial, and geopolitical dimensions. Successful market participants typically employ a combination of fundamental, technical, and quantitative approaches to navigate this challenging environment.",market_insights
regular_gasoline_insights,Regular Gasoline Market Insights,market_insights
regular_gasoline_insights,Market Overview,market_insights
regular_gasoline_insights,"Regular gasoline is a refined petroleum product primarily used as fuel for internal combustion engines in vehicles. The gasoline market is characterized by strong seasonal patterns, regional price differentials, and a close relationship with crude oil prices.",market_insights
regular_gasoline_insights,Price Drivers,market_insights
regular_gasoline_insights,"Supply Factors
- **Refinery Operations**: Utilization rates, maintenance schedules, and outages significantly impact gasoline production and availability.
- **Crude Oil Prices**: As the primary input cost, crude oil price movements directly affect gasoline prices with a typical lag of 1-2 weeks.
- **Refining Capacity**: Long-term changes in refining capacity, particularly in key consumption regions, influence regional supply-demand balances.
- **Import/Export Flows**: International trade flows respond to regional price differentials and can alleviate local supply constraints.",market_insights
regular_gasoline_insights,"Demand Factors
- **Driving Season**: Gasoline demand typically peaks during summer months (May-September) in the Northern Hemisphere.
- **Economic Activity**: Employment levels, consumer confidence, and overall economic growth correlate with gasoline consumption.
- **Vehicle Fleet Characteristics**: Fuel efficiency standards, electric vehicle adoption, and fleet turnover rates affect long-term demand trends.
- **Retail Price Sensitivity**: Consumer behavior shows some price elasticity, with demand destruction occurring at sustained high price levels.",market_insights
regular_gasoline_insights,"Regulatory Factors
- **Fuel Specifications**: Seasonal and regional requirements for gasoline formulations (e.g., summer vs. winter blends, reformulated gasoline).
- **Renewable Fuel Standards**: Mandates for ethanol blending and renewable identification numbers (RINs) affect the economics of gasoline production.
- **Emissions Regulations**: Increasingly stringent vehicle emissions standards influence both fuel formulations and vehicle technology.",market_insights
regular_gasoline_insights,Market Structure,market_insights
regular_gasoline_insights,"Price Benchmarks
- **RBOB Gasoline Futures**: The primary financial benchmark for gasoline in the US market, traded on NYMEX.
- **Retail Prices**: Consumer-facing prices that include taxes, distribution costs, and retail margins.
- **Rack Prices**: Wholesale prices at terminals where gasoline is loaded into trucks for delivery to retail stations.",market_insights
regular_gasoline_insights,"Crack Spreads
- **3-2-1 Crack Spread**: A common refining margin proxy representing the processing of three barrels of crude oil into two barrels of gasoline and one barrel of distillate.
- **Gasoline-Crude Spread**: The simple differential between gasoline and crude oil prices, indicating the specific economics of gasoline production.",market_insights
regular_gasoline_insights,Technical Analysis Patterns,market_insights
regular_gasoline_insights,"Seasonal Patterns
- **Price Build**: Typically occurs from February to May as refineries undergo maintenance and markets anticipate summer demand.
- **Summer Premium**: Prices often maintain a premium during peak driving season (June-August).
- **Fall Decline**: Usually begins in September as demand wanes and winter-grade specifications allow for cheaper production.",market_insights
regular_gasoline_insights,"Chart Patterns
- **Shoulder Season Transitions**: Often marked by increased volatility as markets adjust to seasonal specification changes.
- **Inventory-Driven Reversals**: Price trends frequently reverse following significant deviations from seasonal inventory norms.",market_insights
regular_gasoline_insights,Correlation with Other Markets,market_insights
regular_gasoline_insights,Risk Factors,market_insights
regular_gasoline_insights,"Short-term Risks
- **Refinery Outages**: Unplanned shutdowns due to technical problems, weather events, or accidents.
- **Inventory Reports**: Weekly US inventory data from the EIA, particularly during transitional periods.
- **Weather Events**: Hurricanes and severe weather in refining regions (e.g., US Gulf Coast) can disrupt production.",market_insights
regular_gasoline_insights,"Long-term Risks
- **Electric Vehicle Adoption**: Accelerating transition to electric vehicles poses a structural challenge to gasoline demand.
- **Fuel Efficiency Improvements**: Ongoing improvements in internal combustion engine efficiency reduce per-vehicle consumption.
- **Remote Work Trends**: Changes in commuting patterns following the COVID-19 pandemic may permanently reduce some gasoline demand.",market_insights
regular_gasoline_insights,Trading Strategies,market_insights
regular_gasoline_insights,"Seasonal Spreads
- Calendar spreads between peak and off-peak months can capture predictable seasonal patterns.
- Winter/summer grade transition periods often present trading opportunities due to specification changes.",market_insights
regular_gasoline_insights,"Refining Margin Trades
- Crack spread trades allow exposure to refining economics without direct exposure to outright price levels.
- Regional refining margin differentials can reflect temporary imbalances between markets.",market_insights
regular_gasoline_insights,"Inventory-Based Approaches
- Statistical analysis of inventory levels relative to seasonal norms can identify potential price correction opportunities.
- Extreme deviations from 5-year average inventory levels often precede price adjustments.",market_insights
regular_gasoline_insights,Forecasting Approaches,market_insights
regular_gasoline_insights,"Fundamental Analysis
- Supply-demand balance models incorporating refinery runs, imports/exports, and consumption data.
- Seasonal adjustment methods to isolate underlying trends from recurring patterns.",market_insights
regular_gasoline_insights,"Time Series Models
- ARIMA models with seasonal components capture both trend and cyclical elements of gasoline prices.
- Error correction models help quantify the relationship between crude oil and gasoline prices.",market_insights
regular_gasoline_insights,"Machine Learning Applications
- Gradient boosting models incorporating multiple data sources (inventory, refinery operations, economic indicators).
- Neural networks for demand forecasting based on mobility data, economic indicators, and weather patterns.",market_insights
regular_gasoline_insights,Recent Market Developments,market_insights
regular_gasoline_insights,Conclusion,market_insights
regular_gasoline_insights,"The gasoline market remains highly dynamic, with strong seasonal patterns overlaid on evolving structural trends. Successful analysis requires integration of crude oil fundamentals, refining economics, seasonal patterns, and emerging transportation trends. The market continues to balance short-term cyclical factors with long-term questions about the future of liquid transportation fuels.",market_insights
